{
	"start":	{
		"connected":	[{
				"socket":	5,
				"local_host":	"172.16.44.131",
				"local_port":	50362,
				"remote_host":	"192.168.241.1",
				"remote_port":	5201
			}],
		"version":	"iperf 3.9",
		"system_info":	"Linux adarsh-virtual-machine 5.19.0-42-generic #43~22.04.1-Ubuntu SMP PREEMPT_DYNAMIC Fri Apr 21 16:51:08 UTC 2 x86_64",
		"timestamp":	{
			"time":	"Fri, 14 Jul 2023 19:45:48 GMT",
			"timesecs":	1689363948
		},
		"connecting_to":	{
			"host":	"192.168.241.1",
			"port":	5201
		},
		"cookie":	"ylxelhrmh5avlhdc3ezhifhdale3jbrmhg76",
		"tcp_mss_default":	1460,
		"sock_bufsize":	0,
		"sndbuf_actual":	16384,
		"rcvbuf_actual":	131072,
		"test_start":	{
			"protocol":	"TCP",
			"num_streams":	1,
			"blksize":	131072,
			"omit":	0,
			"duration":	10,
			"bytes":	0,
			"blocks":	0,
			"reverse":	0,
			"tos":	0
		}
	},
	"intervals":	[{
			"streams":	[{
					"socket":	5,
					"start":	0,
					"end":	1.000177,
					"seconds":	1.0001770257949829,
					"bytes":	73317560,
					"bits_per_second":	586436665.583068,
					"retransmits":	0,
					"snd_cwnd":	236520,
					"rtt":	1509,
					"rttvar":	47,
					"pmtu":	1500,
					"omitted":	false,
					"sender":	true
				}],
			"sum":	{
				"start":	0,
				"end":	1.000177,
				"seconds":	1.0001770257949829,
				"bytes":	73317560,
				"bits_per_second":	586436665.583068,
				"retransmits":	0,
				"omitted":	false,
				"sender":	true
			}
		}, {
			"streams":	[{
					"socket":	5,
					"start":	1.000177,
					"end":	2.000199,
					"seconds":	1.0000220537185669,
					"bytes":	86338560,
					"bits_per_second":	690693247.64550042,
					"retransmits":	0,
					"snd_cwnd":	239440,
					"rtt":	901,
					"rttvar":	204,
					"pmtu":	1500,
					"omitted":	false,
					"sender":	true
				}],
			"sum":	{
				"start":	1.000177,
				"end":	2.000199,
				"seconds":	1.0000220537185669,
				"bytes":	86338560,
				"bits_per_second":	690693247.64550042,
				"retransmits":	0,
				"omitted":	false,
				"sender":	true
			}
		}, {
			"streams":	[{
					"socket":	5,
					"start":	2.000199,
					"end":	3.001267,
					"seconds":	1.0010679960250854,
					"bytes":	73137240,
					"bits_per_second":	584473704.40692639,
					"retransmits":	0,
					"snd_cwnd":	248200,
					"rtt":	693,
					"rttvar":	27,
					"pmtu":	1500,
					"omitted":	false,
					"sender":	true
				}],
			"sum":	{
				"start":	2.000199,
				"end":	3.001267,
				"seconds":	1.0010679960250854,
				"bytes":	73137240,
				"bits_per_second":	584473704.40692639,
				"retransmits":	0,
				"omitted":	false,
				"sender":	true
			}
		}, {
			"streams":	[{
					"socket":	5,
					"start":	3.001267,
					"end":	4.00055,
					"seconds":	0.99928301572799683,
					"bytes":	82323560,
					"bits_per_second":	659061016.383037,
					"retransmits":	0,
					"snd_cwnd":	274480,
					"rtt":	679,
					"rttvar":	40,
					"pmtu":	1500,
					"omitted":	false,
					"sender":	true
				}],
			"sum":	{
				"start":	3.001267,
				"end":	4.00055,
				"seconds":	0.99928301572799683,
				"bytes":	82323560,
				"bits_per_second":	659061016.383037,
				"retransmits":	0,
				"omitted":	false,
				"sender":	true
			}
		}, {
			"streams":	[{
					"socket":	5,
					"start":	4.00055,
					"end":	5.000668,
					"seconds":	1.0001180171966553,
					"bytes":	79432760,
					"bits_per_second":	635387093.39644647,
					"retransmits":	0,
					"snd_cwnd":	242360,
					"rtt":	893,
					"rttvar":	154,
					"pmtu":	1500,
					"omitted":	false,
					"sender":	true
				}],
			"sum":	{
				"start":	4.00055,
				"end":	5.000668,
				"seconds":	1.0001180171966553,
				"bytes":	79432760,
				"bits_per_second":	635387093.39644647,
				"retransmits":	0,
				"omitted":	false,
				"sender":	true
			}
		}, {
			"streams":	[{
					"socket":	5,
					"start":	5.000668,
					"end":	6.001321,
					"seconds":	1.0006530284881592,
					"bytes":	85824640,
					"bits_per_second":	686149045.12640929,
					"retransmits":	0,
					"snd_cwnd":	245280,
					"rtt":	693,
					"rttvar":	35,
					"pmtu":	1500,
					"omitted":	false,
					"sender":	true
				}],
			"sum":	{
				"start":	5.000668,
				"end":	6.001321,
				"seconds":	1.0006530284881592,
				"bytes":	85824640,
				"bits_per_second":	686149045.12640929,
				"retransmits":	0,
				"omitted":	false,
				"sender":	true
			}
		}, {
			"streams":	[{
					"socket":	5,
					"start":	6.001321,
					"end":	7.000173,
					"seconds":	0.998852014541626,
					"bytes":	82998080,
					"bits_per_second":	664747760.76284242,
					"retransmits":	0,
					"snd_cwnd":	259880,
					"rtt":	649,
					"rttvar":	32,
					"pmtu":	1500,
					"omitted":	false,
					"sender":	true
				}],
			"sum":	{
				"start":	6.001321,
				"end":	7.000173,
				"seconds":	0.998852014541626,
				"bytes":	82998080,
				"bits_per_second":	664747760.76284242,
				"retransmits":	0,
				"omitted":	false,
				"sender":	true
			}
		}, {
			"streams":	[{
					"socket":	5,
					"start":	7.000173,
					"end":	8.000169,
					"seconds":	0.9999960064888,
					"bytes":	82002360,
					"bits_per_second":	656021499.829207,
					"retransmits":	0,
					"snd_cwnd":	259880,
					"rtt":	681,
					"rttvar":	23,
					"pmtu":	1500,
					"omitted":	false,
					"sender":	true
				}],
			"sum":	{
				"start":	7.000173,
				"end":	8.000169,
				"seconds":	0.9999960064888,
				"bytes":	82002360,
				"bits_per_second":	656021499.829207,
				"retransmits":	0,
				"omitted":	false,
				"sender":	true
			}
		}, {
			"streams":	[{
					"socket":	5,
					"start":	8.000169,
					"end":	9.046229,
					"seconds":	1.0460599660873413,
					"bytes":	76220760,
					"bits_per_second":	582916945.26916564,
					"retransmits":	0,
					"snd_cwnd":	242360,
					"rtt":	8654,
					"rttvar":	15766,
					"pmtu":	1500,
					"omitted":	false,
					"sender":	true
				}],
			"sum":	{
				"start":	8.000169,
				"end":	9.046229,
				"seconds":	1.0460599660873413,
				"bytes":	76220760,
				"bits_per_second":	582916945.26916564,
				"retransmits":	0,
				"omitted":	false,
				"sender":	true
			}
		}, {
			"streams":	[{
					"socket":	5,
					"start":	9.046229,
					"end":	10.000122,
					"seconds":	0.953893005847931,
					"bytes":	75289280,
					"bits_per_second":	631427462.31228852,
					"retransmits":	0,
					"snd_cwnd":	256960,
					"rtt":	901,
					"rttvar":	34,
					"pmtu":	1500,
					"omitted":	false,
					"sender":	true
				}],
			"sum":	{
				"start":	9.046229,
				"end":	10.000122,
				"seconds":	0.953893005847931,
				"bytes":	75289280,
				"bits_per_second":	631427462.31228852,
				"retransmits":	0,
				"omitted":	false,
				"sender":	true
			}
		}],
	"end":	{
		"streams":	[{
				"sender":	{
					"socket":	5,
					"start":	0,
					"end":	10.000122,
					"seconds":	10.000122,
					"bytes":	796884800,
					"bits_per_second":	637500062.49923754,
					"retransmits":	0,
					"max_snd_cwnd":	274480,
					"max_rtt":	8654,
					"min_rtt":	649,
					"mean_rtt":	1625,
					"sender":	true
				},
				"receiver":	{
					"socket":	5,
					"start":	0,
					"end":	10.044436,
					"seconds":	10.000122,
					"bytes":	794643700,
					"bits_per_second":	632902594.03315437,
					"sender":	true
				}
			}],
		"sum_sent":	{
			"start":	0,
			"end":	10.000122,
			"seconds":	10.000122,
			"bytes":	796884800,
			"bits_per_second":	637500062.49923754,
			"retransmits":	0,
			"sender":	true
		},
		"sum_received":	{
			"start":	0,
			"end":	10.044436,
			"seconds":	10.044436,
			"bytes":	794643700,
			"bits_per_second":	632902594.03315437,
			"sender":	true
		},
		"cpu_utilization_percent":	{
			"host_total":	16.365263938817154,
			"host_user":	0.2827294824929778,
			"host_system":	16.082534456324176,
			"remote_total":	0.064164269911653,
			"remote_user":	0.00252211868674166,
			"remote_system":	0.061642217547586378
		},
		"sender_tcp_congestion":	"bbr",
		"receiver_tcp_congestion":	"cubic"
	}
}
